iter	RMSE
0	57.11420934
75	44.23843131
150	41.41451538
225	40.12941308
300	39.28123046
375	38.63682182
450	38.10603279
499	37.69577127
